Video Number,Title,URL,Video ID
1,(FREE) Boom Bap Joey Bada$$ x 90s Freestyle Type Beat [2023] - Daylight
2,(FREE) Boom Bap Joey Bada$$ x 90s Hip Hop Type Beat [2023] - Glow
3,(FREE) Freestyle Boom Bap Beat | \
4,(FREE) Boom Bap Joey Bada$$ Old School Freestyle Type Beat [2023] - Anarchy
5,(FREE) Old School Boom Bap Joey Bada$$ x Freestyle Type Beat [2023] - Jupiter
6,(FREE) \
7,(FREE) Old School Boom Bap Joey Bada$$ x 90s Type Beat [2023] - Underground
8,(FREE) 90s Old School Rap Type Beat x Boom Bap Hip Hop Instrumental [2023] - Routine
9,(FREE) Freestyle Boom Bap Beat | \
10,(FREE) Boom Bap Type Beat | GO ON | Instru Rap Old School Freestyle 2023
11,(FREE) Old School Boom Bap Joey Bada$$ Hip Hop Type Beat [2023] - Natural
12,(FREE) 90s Old School Chill Freestyle Boom Bap Type Beat [2023] - Medicate
13,(FREE) Boom Bap Joey Bada$$ Old School Type Beat [2023] - Glowing
14,(FREE) Boom Bap Joey Bada$$ Old School 90s Type Beat [2023] - No Love
15,(FREE) Old School Boom Bap 90s Freestyle Rap Type Beat [2023] - Contact
16,(FREE) Boom Bap Old School 90s Freestyle Type Beat [2023] - No Doubt
17,(FREE) 90s Old School Freestyle Boom Bap Hip Hop Type Beat [2023] - Acrobat
